{"cameraMode":{"drawMode":0,"name":"Shaded","section":"Shading Mode"},"sceneLighting":true,"audioPlay":false,"sceneViewState":{"showFog":true,"showMaterialUpdate":false,"showSkybox":true,"showFlares":true,"showImageEffects":true,"showParticleSystems":true},"in2DMode":false,"pivot":{"x":14.959911346435547,"y":-0.0033540725708007814,"z":24.51328468322754},"rotation":{"x":0.30563923716545107,"y":0.2681495249271393,"z":-0.09014683216810227,"w":0.9091559648513794},"size":15.137397766113282,"orthographic":false}